products_id;products_name;products_description;products_price;products_pricerange;products_quantity;products_quantityunit;products_materials;products_deadline;products_save;products_capacity;products_capacityunit;makers_id;categorys_id;subcategorys_id;citys_id;products_taste;products_scene;products_star;products_text;products_eyecatch;products_photo2;products_photo3;products_local;products_recommend;register_time;register_person;update_time;update_person;delete_time;delete_person;products_show
61;純情梅酒　蔵出原酒（甘口）;芳醇で濃い香りと対照に、 口当たりと飲み心地はまろやかです。;500,1500,2500;1;1;本;自家栽培梅「月世界」;開栓後はお早めにお飲みください。;1;100,300,500;ml;29;1;1;5;4;1;3;;./img/img_products/61/61-1.jpg;;;t;f;2020-12-14 00:00:00;Admin;;;;;t
74;さつまいも＆栗ジャム;鳴門金時と 愛媛県産の栗を使用。 さつまいもの滑らかさと 栗のつぶつぶがやみつきに!!;864;2;1;瓶;さつまいも（徳島県産）・グラニュー糖・栗（愛媛県産）;6ヶ月(お早めに);2;120;g;37;3;11;1;1;6;3;;./img/img_products/74/74-1.jpg;./img/img_products/74/74-2.jpg;;t;f;2020-12-14 00:00:00;Admin;;;;;t
68;芳水にごり酒;淡麗で香り高く後味スッキリの超辛口にごり酒。 中華料理や焼肉との相性は抜群！ そのままか冷やして、またはオンザロックで……;385,880,1760;1;1;本;徳島キヌヒカリ;開栓後はお早めにお飲みください。;1;300,720,1800;ml;33;1;2;21;4;5;3;;./img/img_products/68/68-1.jpg;./img/img_products/68/68-2.jpg;./img/img_products/68/68-3.jpg;f;f;2020-12-14 00:00:00;Admin;;;;;t
69;芳水特撰仕込純米大吟醸;厳選された上質素材・熟練の技で　極寒期に低温でじっくり醸し出した特別仕込純米大吟醸。 上品な吟醸香・純米のもつｺｸと旨みのﾊﾞﾗﾝｽの良さは絶品です。;5500,11000;5;1;本;兵庫山田錦;開栓後はお早めにお飲みください。;1;720,1800;ml;33;1;2;21;4;3;3;;./img/img_products/69/69-1.jpg;./img/img_products/69/69-2.jpg;;f;f;2020-12-14 00:00:00;Admin;;;;;t
34;鳴門　第2ボタン;●本家松浦酒造とのコラボレーションスイーツ 「NARUTO DAI2 BOUTON」第１弾は、徳島の酒蔵・本家松浦酒造純米大吟醸の酒粕のサブレ。華やかで芳醇な香りが後をひく美味しさです。  ●こだわりのパッケージ フランスのアンティークのボタンの箱をモチーフにした、とっておきたくなるBOXを使用しています。箱についているボタンは、アンティークのため、形も色も大きさも様々。どんなボタンが届くか、お楽しみにしてください。  ●シェンパンに合う、塩スイーツ 大吟醸の酒粕をベースに、鳴門のうずしお、和三盆など、徳島由来のものを使用。隠し味には、イタリアのチーズ、グラナパダーノを使用しています。口に含むと、甘み（和三盆）、塩味（鳴門のうずしお）、コク（グラナパダーノ）、余韻（酒粕）が追いかけてきます。 １粒で様々な味わいがお楽しみいただけます。シャンパンに合わせたい塩スイーツです。  ●お勧めのシーン お酒を召し上がる方への贈り物や、ホームパーティーのお持たせなどに最適です。;1404;3;1;箱;小麦粉、グラニュー糖、本家松浦酒造大吟醸酒粕、トレハロース、ショートニング、高梨バター、コーンスターチ、鳴門のうずしお、 グラナパダーノ、 和三盆（一部に乳成分・小麦を含む）;製造より28日;1;20;個;11;5;22;2;1;1;3;;./img/img_products/34/34-1.jpg;./img/img_products/34/34-2.jpg;./img/img_products/34/34-3.jpg;f;f;2020-12-14 00:00:00;Admin;;;;;t
19;霰三盆;吉野川の真砂にも似たひなびた霰状の、純和三盆糖製のお干菓子です。安永年間より今日まで、阿讃山脈と吉野川沿岸の一部に産する糖黍を原料に、近代技術の発達する現代、百年一日のごとく昔変わらぬ製法を守り続けています。このいとおしきまでにおくゆかしく、和やかな甘味は、故郷の山川、幼き日の母のふところを思い起こす味とも感じられます。忙中の閑のひとときを「霰三盆」でおくつろぎ下さい。;1130,2160,4940,8430;3;1;箱;和三盆糖;3ヶ月;2;100,100,300,600;g;8;5;21;1;1;3;3;;./img/img_products/19/19-1.jpg;./img/img_products/19/19-2.jpg;;f;f;2020-12-14 00:00:00;Admin;;;;;f
20;本場鳴門生わかめ;採れたばかりのわかめを一度湯どうしして、保存のため塩蔵にしています。 塩を洗い落としてからお召し上がりください。4・5回流水で洗っていただきますとサラダやお刺身ですぐにお召し上がりいただけます。;432,864,1948,2812,3731,4650,5514;1;1;袋;わかめ、塩;約４ヶ月;2;120,300,600,900,1200,1500,1800;g;19;4;13;1;4;3;3;;./img/img_products/20/20-1.jpg;./img/img_products/20/20-2.jpg;./img/img_products/20/20-3.jpg;t;f;2020-12-14 00:00:00;Admin;;;;;t
21;鳴門金時 ;なると金時は、主に徳島県の北部、鳴門海峡に近く砂地のある地域で栽培されています。食物繊、ビタミン　がたっぷりで、美容と健康に最適の食物といわれています。鮮やかな黄金色の鳴門金時は、栗のようにホクホクとした食感と、糖度が高めなのが特徴で、菓子の材料などでも重宝されています。(季節限定商品です）;1080,3240,4860;3;1;箱;-;お早めにお召し上がりください。;1;1,3,5;kg;19;3;10;1;4;5;3;;./img/img_products/21/21-1.jpg;./img/img_products/21/21-2.jpg;;t;f;2020-12-14 00:00:00;Admin;;;;;t
22;すだち;すだちは、昔から阿波に伝わった貴重な柑橘類の一種であります。放香成分リモネンと豊富なビタミンCが作用して馥郁な爽やか風味と食欲をそそらさせる魔法の食材。 すだちは”独特の香気””爽快な酸味””豊富なビタミンC”を持っております。徳島の味覚”すだち”を心ゆくまで味わって頂きたいと存じます。  ●召し上がり方 横に二つ切りにして、あらゆる料理(さしみ、焼魚、焼松茸、蒸松茸、茶碗むし、すし、おすまし、湯豆腐、漬物類、味噌など)に果汁を手でしぼりかけてお召し上がり下さい。コーヒー、紅茶、味噌汁などには、輪切りにしたものを浮かしたり、果汁を数滴絞り込みしぼりこみます。 また熱燗の清酒に輪切りで洋酒・焼酎にはレモンの変わりにお使い下さい。ワサビオロシで皮のまますってソーメン、ウドン、ソバに、すしのワサビに混入し召し上がると風味満点です。 またすだちをミジン切りにして野菜との一夜漬にもお使い下さい。女性の美容には、輪切りにしてパックに使い、しぼった果汁を薄め、砂糖・蜂蜜・水飴を加えて飲用しますと皮膚を美しくするほか高血圧どめに大変効きめがあります。(すだちが黄色くなっても味には変わりありません。) すだちの値段は時期により変動致します;1620,2808;4;1;箱;-;お早めにお召し上がりください。;2;0.5,1;kg;19;3;9;1;4;5;3;;./img/img_products/22/22-1.jpg;./img/img_products/22/22-2.jpg;;t;f;2020-12-14 00:00:00;Admin;;;;;t
23;ちりめん;徳島県和田島沿岸で収穫されたシラスを釜ゆでし、兵庫県赤穂地方の天然塩を最小限に使い天日乾燥させたちりめんです。ちりめんが持つ本来の甘味をぜひ一度ご賞味ください。;2160;4;1;袋;シラス;約１週間;2;180;g;19;4;12;1;4;5;3;;./img/img_products/23/23-1.jpg;./img/img_products/23/23-2.jpg;;f;f;2020-12-14 00:00:00;Admin;;;;;t
27;阿波番茶;太陽の光とたっぷりの養分を吸収した茶葉を、７月から８月にかけて摘み取り、桶に漬け込んで乳酸菌などの微生物の力で発酵（後発酵）させるという古来より伝わる独自の製法で造りました。 さわやかな香りと発酵によるほんのりとした酸味、さっぱりした味わいで、渋みが少なく飲み飽きない清々しい風味はお食事や団らんにもよく合います。;540;2;1;袋;緑茶（晩茶）（徳島県産）、ビタミンC、乳化剤;パッケージに記載;1;60;g;19;2;5;1;4;5;3;;./img/img_products/27/27-1.jpg;;;f;f;2020-12-14 00:00:00;Admin;;;;;t
80;ピリ辛れんこん;れんこんをピリッと甘辛く仕上げました。;540;2;1;袋;れんこん(徳島県産)、還元水飴、砂糖、醤油、醗酵調味料、かつお節調味液、ごま、食塩、魚醬(魚介類)、ごま油、唐辛子／調味液(アミノ酸等)、酸化防止剤(V.C)、(一部に小麦・大豆・ごま・魚醬(魚介類)を含む);パッケージに記載;2;180;g;35;6;16;2;3;3;3;;./img/img_products/80/80-1.jpg;;;t;f;2020-12-14 00:00:00;Admin;;;;;t
99;阿波晩茶;徳島の伝統 いま、注目が集まっています『阿波晩茶のちから』 かただにやさしい「乳酸発酵茶」 徳島県相生産茶葉使用すっきりとした味。 まろやかな口当たりの中に発酵することで生まれるほのかな甘味。 乳酸発酵製法（夏まで育てた一番茶を茹でた後に乳酸発酵させる製法です。;140;1;1;本;緑茶（晩茶）徳島県産／ビタミンC、乳化剤;12ヶ月;1;280;ml;32;2;5;1;4;5;3;;./img/img_products/99/99-1.jpg;./img/img_products/99/99-2.jpg;;f;f;2020-12-14 00:00:00;Admin;;;;;t
44;柚りっ子れんこん;徳島県産農薬不使用ゆずと、北海道産の甜菜糖、特製の阿波御膳みそで作った、原材料国産100％・保存料着色料無添加の手作りゆずみそに、徳島県産のれんこんを加えた、贅沢「おかずみそ」です。 ゆずの風味たっぷりで、優しい甘さのゆずみそに、れんこんのカットダイスのシャキシャキした食感が加わり、箸が止まらない逸品となっております。 ご飯のおともにぴったり！ そのまま酒の肴にも。 野菜や豆腐、トーストに添えても。 贈り物にもお慶びいただけます。;594;2;1;瓶;れんこん(徳島県産)、米みそ＜米(国産)、大豆(国産、遺伝子組み換えでない)食塩(徳島県産)＞、てん菜糖(北海道産)、ゆず(徳島県産) ;製造日より180日;1;100;g;18;6;18;1;4;2;3;;./img/img_products/44/44-1.jpg;./img/img_products/44/44-2.jpg;./img/img_products/44/44-3.jpg;t;f;2020-12-14 00:00:00;Admin;;;;;t
43;柚りっ子;徳島県産農薬不使用ゆずと、北海道産の甜菜糖、特製の阿波御膳みそで作った、原材料国産100％・保存料着色料無添加の手作り「ゆずみそ」です。 ゆずの風味たっぷりで、優しい甘さのゆずみそは、ご飯のおともにぴったり！ 様々な食材の味を引き立てる、万能調味料です。;486,497,702,1620;1;1;本;米みそ（米（国産）、大豆（国産）（遺伝子組み換えでない）、食塩（徳島県産））、砂糖（甜菜（北海道産））、ゆず（徳島県産）;製造日から365日;1;120,130,200,500;g;18;6;18;1;1;3;3;;./img/img_products/43/43-1.jpg;./img/img_products/43/43-2.jpg;./img/img_products/43/43-3.jpg;t;f;2020-12-14 00:00:00;Admin;;;;;t
45;木頭ゆず柚茶;徳島県木頭地方の香り高い柚を使用した、純国産の無添加柚茶です。 木頭地方は標高が高く、昼夜の温度差が激しいため、香り豊かな柚が実ります。 砂糖は北海道産甜菜糖の、最高純度ロック氷糖を使用。 シンプル素材の無添加柚茶は、柚の風味を満喫できる逸品です。;756,1296;2;1;瓶;柚子（徳島県産）、甜菜糖（北海道産）;製造日より6ヶ月;1;200,400;g;18;3;11;1;1;1;3;;./img/img_products/45/45-1.jpg;./img/img_products/45/45-2.jpg;./img/img_products/45/45-3.jpg;t;f;2020-12-14 00:00:00;Admin;;;;;t
52;「そらのそば」そば米;そばの実の皮をむいた、徳島ではポピュラーな食材、そば米。 約１０分ほど湯がくとやわらかくなります。 徳島の郷土料理である「そば米雑炊」を是非お試し下さい。そば米ぞうすいレシピ付！ 徳島県では吉野川上流である西部地域で作られたそばを「そらのそば」と呼び、栽培を推進しております。;2268;5;1;袋;そば米;パッケージに記載;1;1;kg;26;3;8;1;4;3;3;;./img/img_products/52/52-1.jpg;./img/img_products/52/52-2.jpg;;f;f;2020-12-14 00:00:00;Admin;;;;;t
53;もち麦;徳島産もち麦（ダイシモチ）です。 ダイシモチは弘法大師から名づけられ、開発された品種。 水溶性食物繊維（β-グルカン）を通常品種の1.5倍含みます。 β-グルカンは、コレステロール低減作用があり、 心疾患の予防効果があると認められています。 炊飯後ももちもちで美味しくお弁当にもぴったりです。;972;2;1;袋;もち麦;パッケージに記載;1;1;kg;26;3;8;1;4;3;3;;./img/img_products/53/53-1.jpg;;;f;f;2020-12-14 00:00:00;Admin;;;;;t
51;祖谷そば;祖谷そばは、源平合戦の後、流れ着いた平家の落人が祖谷地方でそばの栽培をしたのが始まりと言われています。当社の祖谷そばは独自の製法で、細く長いのど越しのよいそばに仕上げています。 厳選された玄そばを原料に、丹念に製造した独特の淡白で素朴な味わいを、ぜひご賞味下さいませ。;972;2;1;箱;小麦粉、そば粉、食塩;パッケージに記載;1;600;g;25;6;19;9;4;2;3;;./img/img_products/51/51-1.jpg;./img/img_products/51/51-2.jpg;./img/img_products/51/51-3.jpg;f;f;2020-12-14 00:00:00;Admin;;;;;t
54;大吟醸　瓢太閤;蔵の地元阿波町産の「阿波山田錦」を35%までみがきあげ 四国山系「吉野川伏流水」で仕込みました。 蔵元の熱い思い阿波の気候、風土、全てを封じ込めた一品です。 すっきりとしたきれあじ、上品な味わいです。  「オススメ」の飲み方 10度前後によく冷やしてお飲みください。;3850;5;1;本;阿波山田錦100%使用;開栓後はお早めにお飲みください。;1;720;ml;27;1;2;10;4;3;3;;./img/img_products/54/54-1.jpg;;;f;f;2020-12-14 00:00:00;Admin;;;;;t
55;阿波の香りすだち酎;徳島県産のすだち果汁を使用した「阿波の香りすだち酎」は、すだちの 清々しい香りと酸味が特徴です。 後あじもよく、すっきりとした飲み口です。  おすすめの飲み方　グラスに氷をたっぷり入れます。 すだち酎90ml にソーダ120ml～150ml 　ですだちハイボール。 また、氷をたっぷり入れたグラスにすだち酎を注ぎオンザロックもおすすめです。 すだち酎がゆっくり溶けていくのをお楽しみください。;903;2;1;本;焼酎甲類（国内製造）、糖類、すだち果汁（徳島県産）/酸味料、調味料（アミノ酸）;開栓後はお早めにお飲みください。;1;720;ml;27;1;1;10;4;1;3;;./img/img_products/55/55-1.jpg;./img/img_products/55/55-2.jpg;./img/img_products/55/55-3.jpg;t;f;2020-12-14 00:00:00;Admin;;;;;t
56;鳴門金時里娘;厳しい条件を満たした徳島県のさつまいもは、「なると金時」とよばれ全国で親しまれています。 中でもJA里浦産の「里むすめ」は、さつまいもの中でもトップブランドで知られています。 通気性に優れた海砂が生まれ、さらに海水に含まれる豊富なミネラルを直接取り入れられるので よりよいさつまいもが育つと言われています。  その「里むすめ」を使った本格芋焼酎鳴門金時里娘は、常圧蒸留で製法し、（常圧蒸留は、 85度から100度の温度帯で蒸留。高い温度の為、香気成分を多く含む） 華やかな香りや軽快な味わい、強い味の成分を抽出しました。  芋本来の甘さや香りを残しつつ、やわらかでほっこりとした味わいの芋焼酎の仕上がりました。  オススメの飲み方は、芋本来の味わいを楽しんで頂く為に最初は、ロックがオススメです。;1553;4;1;本;さつまいも（JA里浦特産）、米麹(国産米）;開栓後はお早めにお飲みください。;1;720;ml;27;1;3;10;4;5;3;;./img/img_products/56/56-1.jpg;./img/img_products/56/56-2.jpg;./img/img_products/56/56-3.jpg;t;f;2020-12-14 00:00:00;Admin;;;;;t
57;ゆず姫;ゆず果汁と本格芋・麦焼酎のブレンドで、フレッシュな香りとほんのりとした甘みが楽しめるお酒です。 ;330;1;1;本;ゆず果汁（徳島県産）、焼酎甲類・本格焼酎（いも・麦・米）、糖類、酸味料、香料;開栓後はお早めにお飲みください。;1;180;ml;27;1;1;10;4;2;3;;./img/img_products/57/57-1.jpg;./img/img_products/57/57-2.jpg;./img/img_products/57/57-3.jpg;t;f;2020-12-14 00:00:00;Admin;;;;;t
58;鳴門鯛 大吟醸;林檎のようにフルーティ、春風のように爽やかな鳴門鯛 大吟醸  林檎を思わせるような甘く繊細な香りと、春の風のような爽やかで穏やかな味わいが特長。 酒造好適米 山田錦を48％まで丹念にみがきあげました。醪の状態で30日、じっくりと長期低温発酵にて造られます。熟練の蔵人の技と感性が光る大吟醸です。 冷やしたガラスの酒器で、大吟醸ならではの華やかな香りとふくらみのある味わいをお楽しみください。;880,3300,5500;2;1;本;米（国産）、米麹（国産米）、醸造アルコール;開栓後はお早めにお飲みください。;1;300,720,1800;ml;28;1;2;2;4;3;3;;./img/img_products/58/58-1.jpg;./img/img_products/58/58-2.jpg;./img/img_products/58/58-3.jpg;f;f;2020-12-14 00:00:00;Admin;;;;;t
59;すだち酒;徳島県産のすだち果汁に、ほんのり甘いハチミツと清酒をプラス。 徳島県特産のすだちのフルーティな香りと爽やかな酸味。はちみつの甘味と清酒の旨味が調和した美味しさ。やや甘口で、雑味が少なくキレが良い。 よく冷やして、ストレート、ロックでお楽しみください。郷土の懐かしい香りを伝えるお土産にも最適です。;383,814;1;1;本;醸造アルコール（国内製造）、すだち果汁、糖類、はちみつ、清酒／香料;開栓後はお早めにお飲みください。;1;300,720;ml;28;1;1;2;4;1;3;;./img/img_products/59/59-1.jpg;./img/img_products/59/59-2.jpg;./img/img_products/59/59-3.jpg;t;f;2020-12-14 00:00:00;Admin;;;;;t
60;水ト米;■日本酒初心者の方にオススメ!■ 「ナルトタイ 純米原酒 水ト米（ミズトコメ）」は、今まで日本酒を飲まなかった女性や若い皆さんなど、日本酒初心者の方に飲んでいただきたい純米酒です。純米酒とは思えないほど、フルーティ。 スッキリした味わいで、さわやかな香りが特長です。酸がやわらかで優しい味わい。後味には、ほんのりとした旨みがただよいます。  ■純粋に水と米だけの酒「水ト米」■ 「水ト米」は明治時代に「速醸もと」の発明で知られる故・江田鎌治朗氏が考案し、当時実現できなかった製法を再現し、仕込んだ純米酒です。 酒母には酵母以外は添加せず、自然の乳酸の力だけで発酵が進むので、酸がやわらかな優しい純米酒に仕上がりました。 もろみの段階でアルコール度数を調整し、原酒といえどもアルコールのカドのない軽やかな口あたりに仕上げました。原酒ですから、味わいに深みがあります。  ■よく冷やして、ワイングラスでどうぞ■ 香りをより楽しんでいただけるようワイングラスをおすすめします。冷蔵庫でよく冷やした「水ト米」をグラスに注いでワイン感覚でお楽しみください。優しい味わいの和食にとても良く合いますし、フレンチ・イタリアンなど、お食事を選ばずお召し上がりいただけます。;1320;3;1;本;米（国産），米麹（国産米）;開栓後はお早めにお飲みください。;1;720;ml;28;1;2;2;4;5;3;;./img/img_products/60/60-1.jpg;./img/img_products/60/60-2.jpg;;f;f;2020-12-14 00:00:00;Admin;;;;;t
62;ほたるの宿　蔵出原酒（辛口）;度数は高め、お酒の好きな方に おすすめの大人の梅酒です。;500,1500,2500;1;1;本;自家栽培梅「月世界」;開栓後はお早めにお飲みください。;1;100,300,500;ml;29;1;1;5;4;2;3;;./img/img_products/62/62-1.jpg;;;t;f;2020-12-14 00:00:00;Admin;;;;;t
63;プレミアム梅酒 治三郎;長期熟成　甘くない大人のプレミアム梅酒  「梅酒は甘い」を覆すお酒好きへの逸品。 糖度をおさえ、梅の旨味を引き立てた味わいがクセになります。 小さなグラスに氷を浮かべて、大人のひとときをゆっくりとお楽しみください。;4000;5;1;本;自家栽培梅「月世界」;開栓後はお早めにお飲みください。;1;720;ml;29;1;1;5;4;1;3;;./img/img_products/63/63-1.jpg;;;t;f;2020-12-14 00:00:00;Admin;;;;;t
64;御殿桜　純米大吟醸酒;徳島県産山田錦とLED夢酵母を使い、フルーティな香りの純米大吟醸酒です。  とくしま特選ブランド認定商品。;2750,5500;5;1;本;米（国産）、米こうじ（国産）;開栓後はお早めにお飲みください。;1;720,1800;ml;30;1;2;1;4;3;3;;./img/img_products/64/64-1.jpg;./img/img_products/64/64-2.jpg;;f;f;2020-12-14 00:00:00;Admin;;;;;t
65;阿波黒蜜梅酒;徳島県神山産の鴬宿梅を、約1年漬込み、阿波三盆糖黒蜜を入れております。梅の酸味が鮮やかで、黒蜜のコクを感じるおいしい梅酒です。 梅の成分と黒蜜が濃く、アルコールも高いため、ロックやソーダ・水で割ると飲みやすくなります。;1100,3080;3;1;本;梅（徳島県産）、醸造アルコール、氷砂糖、清酒、阿波三盆糖黒蜜;開栓後はお早めにお飲みください。;1;500,1800;ml;30;1;1;1;4;5;3;;./img/img_products/65/65-1.jpg;./img/img_products/65/65-2.jpg;;t;f;2020-12-14 00:00:00;Admin;;;;;t
66;御殿桜　酒屋が造った黒米甘酒;砂糖を使わずに、お米と麹を糖化させることで、天然の甘味を引き出して造った甘酒です。  黒米（古代米）を使うことでポリフェノールで紫色になっています。 ※黒米は玄米を使用してます。 飲む点滴と呼ばれる甘酒は、手軽に栄養が補えるようなブドウ糖・ビタミンB郡・必須アミノ酸などの栄養素がたくさん含まれています。食欲がないときや時間がなくて食事が摂れないときにもおすすめです。 季節に応じて、温めたり冷やして、お召し上がりください。  ※ノンアルコールですので、お子様にも安心してお楽しみ頂けます。;756;2;1;本;米（国産）、米こうじ（国産米）、黒米（国産;製造日より3ヶ月（開封後はなるべく早めにお召し上がりください）;2;1000;g;30;2;7;1;4;5;3;;./img/img_products/66/66-1.jpg;./img/img_products/66/66-2.jpg;;f;f;2020-12-14 00:00:00;Admin;;;;;t
67;芳水上撰特別本醸造;芳水の定番酒。 辛口でしっかりした味があり、キレもよし。 料理との相性も良く呑み飽きせずにグイグイいけます。晩酌に…;235,389,863,1977;1;1;本;新潟こしいぶき・福井五百万石;開栓後はお早めにお飲みください。;1;180,300,720,1800;ml;33;1;2;21;4;3;3;;./img/img_products/67/67-1.jpg;./img/img_products/67/67-2.jpg;./img/img_products/67/67-3.jpg;f;f;2020-12-14 00:00:00;Admin;;;;;t
70;純米大吟醸　花珠;【花珠】ーはなだまー精米歩合50%  何もないところに花は咲きません。種をまいて水をあげて世話をすると花を咲かせます。日々努力を続けて立派な花を咲かせてほしい。それと共に、コブシの花言葉は「友情・友愛・歓迎・信頼」と「人との繋がり」を連想する花言葉となっております。「花を咲かせた後も、人との繋がりを大事にして、新たにまた花を咲かせてほしい」そんな思いを込めて命名しました。;2750,5500;5;1;本;米(徳島県産)、米麹(徳島県産米);開栓後はお早めにお飲みください。;1;720,1800;ml;31;1;2;21;4;3;3;;./img/img_products/70/70-1.jpg;;;f;f;2020-12-14 00:00:00;Admin;;;;;t
71;純米大吟醸　天珠;【天珠】ーてんじゅー精米歩合40% 天は限りなく広がっております。「限りない成長」を人と共に分かちあって欲しい。それと共にネモフィラの花言葉が「限りない成功」となっております。１つ１つの花は小さく地味かもしれません。しかし、集まることで淡くきれいな花が天に届くように上を向いて広がっております。「１つ１つの小さい努力や過程を大切にすると、最後には限りない成功と成長が待っている」そんな思いを込めて命名しました。;5500,11000;5;1;本;米(徳島県産)、米麹(徳島県産米);開栓後はお早めにお飲みください。;1;720,1800;ml;31;1;2;21;4;3;3;;./img/img_products/71/71-1.jpg;;;f;f;2020-12-14 00:00:00;Admin;;;;;t
72;純米大吟醸　至純天珠;【至純天珠】ーしじゅんてんじゅー精米度22%  優柔不断さを壊し集中力・決断力をつけ商売やビジネス・仕事が好調になり、売り上げや業績が良くなると言われています。また、描かれている青いバラは存在しなかったため花言葉は「不可能」でした。しかし2002年、日本の研究者たちが世界初の青いバラを誕生させました。その後、花言葉は「夢叶う」となりました。「不可能を可能に、夢を叶えて成功してほしい」そんな思いを込めて命名しました。;11000,22000;5;1;本;米(徳島県産)、米麹(徳島県産米);開栓後はお早めにお飲みください。;1;720,1800;ml;31;1;2;21;4;3;3;;./img/img_products/72/72-1.jpg;;;f;f;2020-12-14 00:00:00;Admin;;;;;t
73;すだちジャム;徳島県名西郡神山町産のスダチを使っています。さっぱりとした甘さと、 爽やかなスダチの香りをお楽しみください。スダチは徳島県を代表する特産物の一つです。柑橘類の中でもスダチはユズ やダイダイ 、カボス、 レモン、シークヮーサー、ライムなどの爽やか系の匂いが特徴。;724;2;1;瓶;すだち（徳島県神山町産）・グラニュー糖;6ヶ月(お早めに);2;125;g;37;3;11;1;1;1;3;;./img/img_products/73/73-1.jpg;./img/img_products/73/73-2.jpg;./img/img_products/73/73-3.jpg;t;t;2020-12-14 00:00:00;Admin;;;;;t
75;バニラりんごジャム;りんごは甘味と酸味のバランスが良い「ふじりんご」を使用しています。 黒いつぶつぶはバニラビーンズです。 たっぷり入ったバニラビーンズと リンゴの優しい甘い香りをお楽しみください。 一度食べるとやみつきになります。;724;2;1;瓶;りんご・グラニュー糖・レモン果汁・バニラビーンズ　;6ヶ月(お早めに);2;120;g;37;3;11;1;1;6;3;;./img/img_products/75/75-1.jpg;./img/img_products/75/75-2.jpg;;f;f;2020-12-14 00:00:00;Admin;;;;;t
76;すだちマーマレード;天然の緑色があざやかな、甘さ控えめのすだちマーマレード。寒天でつくったお腹にやさしいジャム。朝食に、おやつに、ふかふかブレッドと相性抜群。;864;2;1;瓶;はちみつ、かんきつ類(すだち、ゆず)、還元麦芽糖水飴、乳糖果糖オリゴ糖、マンナン、寒天、トレハロース、酸味料、加工でん粉;製造日より1年;2;400;g;36;3;11;5;1;2;3;;./img/img_products/76/76-1.jpg;;;t;f;2020-12-14 00:00:00;Admin;;;;;t
79;れんこんパウダー;“徳島産”の「れんこん」のみを使用し、『ムチン』などの栄養成分を損なわないよう低温でしっかり乾燥させパウダーにしました。お湯に溶かして飲んだり、味噌汁に入れたり、サラダ・ヨーグルトにかけたり、普段の食事に簡単に取り入れることができます。＊「れんこん」のねばねば成分『ムチン』＊腸の粘膜を強化する効果があり腸の働きを高めることで免疫力が高まり 「感染症予防」「がん予防」になるとテレビの情報番組でも紹介されました。他、「風邪予防」「ぜんそく」「花粉症」「アトピー」に効果があると報告されています。;880,1430;2;1;袋;れんこん(徳島産);製造日より1年;1;50,100;g;35;3;11;2;4;3;3;;./img/img_products/79/79-1.jpg;./img/img_products/79/79-2.jpg;./img/img_products/79/79-3.jpg;t;f;2020-12-14 00:00:00;Admin;;;;;t
81;れんこんチップス（うす塩味）;スライスしたれんこんを、風味をそこなわないように、弊社独自の製法で味をつけてあります。あっさりとした塩味で、パリパリッとした食感があとをひくおいしさです。れんこんは食物繊維・タンニン・カリウム・鉄等のミネラルを多く含んでおり、栄養価も満点！小さなお子様からお年寄りまで好まれる薄味のれんこんチップスはおやつや、ビールのおつまみにも最適です。ヘルシーなおやつやおつまみとしてそのままお楽しみいただくのはもちろん、サラダや肉料理や魚料理のつけあわせなど、さまざまな料理に使っていただいてもおいしく味わえます。うす塩味、コンソメ味、ガーリック味、ハバネロ味、わさび味、のり塩味。;572;2;1;箱;【うす塩】れんこん/植物油（パーム/コーン）/食塩;4ヶ月;1;40;g;35;5;23;2;2;4;3;;./img/img_products/81/81-1.jpg;./img/img_products/81/81-2.jpg;./img/img_products/81/81-3.jpg;t;f;2020-12-14 00:00:00;Admin;;;;;t
82;EMITAME;EMITAME 500ml焼酎で漬けた、スタンダードな梅酒です。梅の味がしっかりと感じられ、しゃきっとさわやか。ロックやソーダ割がおすすめ。アルコール度数：16%;2750;5;1;本;しょうちゅう・梅（国産）・砂糖;パッケージに記載;1;500;ml;38;1;1;5;4;3;3;;./img/img_products/82/82-1.jpg;;;t;f;2020-12-14 00:00:00;Admin;;;;;t
94;地鶏の旨み(阿波尾鶏削り節);まるでかつお節、阿波尾鶏のむね肉で作られた削り節です。 阿波尾鶏のむね肉を鶏の削り節にした、新しい鶏肉加工品です。阿波尾鶏むね肉を蒸してから乾燥させ、スモークをかけて削っております。見た目はかつお節ですが、味や香りは鶏肉そのもの。かつお節同じように出汁としてご使用いただいたり、料理にトッピングしてそのままお召し上がりいただけます。 鶏肉ですので、和洋中何にでも合わせていただけます。調味料等は使用しておりません。阿波尾鶏むね肉100%で製造した商品ですので、無添加商品をご愛用の方にもおすすめの商品です。;538,980;2;1;袋;鶏むね肉(徳島県産);9ヶ月;1;20,100;g;34;6;18;20;4;1;3;;./img/img_products/94/94-1.jpg;./img/img_products/94/94-2.jpg;./img/img_products/94/94-3.jpg;f;f;2020-12-14 00:00:00;Admin;;;;;t
92;おどり印;本品は、四国の霊峰・剣山の麓、吉野川の上流・半田川の畔、二百年のその昔、蜂須賀候徳島の城下町と半田村との流通に働いていた拾石船の船頭衆が、半田村の産業発展のため、風土清水に恵まれたこの土地に秘術を伝え、受け継がれた昔ながらの製造方法で造っています。 その風味は天下に名声を博す手延べそうめんです。;800,1850,3451;2;1;箱;小麦粉、食用植物油、食塩、打粉でんぷん;約2年;1;2,5,11;袋;21;6;19;24;4;5;3;;./img/img_products/92/92-1.jpg;./img/img_products/92/92-2.jpg;./img/img_products/92/92-3.jpg;f;f;2020-12-14 00:00:00;Admin;;;;;t
10;金露梅;新鮮なミルクと黄身をたっぷり使った自家製黄身餡子をチョコレートでコーティングしました。お茶、コーヒー、お抹茶など飲み物を選ばないお菓子です。名誉総裁賞　受賞　茶道家元賞　受賞　徳島県の最高峰である剣山に自生している金露梅という花をモチーフにして作られました。;648,1296,1944,2592,3888;2;15,30,45,60,90;個;砂糖、乳化剤、練乳、香料、卵、はちみつ、チョコレート、生クリーム、手亡豆;30日間;2;;;4;5;21;24;1;4;3;;./img/img_products/10/10-1.jpg;;;f;t;2020-12-14 00:00:00;Admin;;;;;t
16;花咲くおはぎ　花輝;最上質和三盆「大無類和三盆」で特別に作った餡に無添加の天然素材を使用し着色しました。 ギルトフリー、グルテンフリーで身体に優しく安心してお召し上がりいただける新感覚スイーツです  薔薇のお花のおはぎです あんこのお花の下にはもち米と古代米。古代米は徳島県の棚田で栽培されたお米で、ミネラルやビタミン、たんぱく質が多く含まれており健康食として話題を集めております。 餡は北海道産の大手忙豆やインゲン豆と服部製糖所の最上質和三盆「大無類和三盆」で作った特別な餡を使用しております。 着色は和三盆糖蜜や植物由来の無添加天然パウダーなどを使用しており、体に優しく安心して召し上がっていただけます   ・手作りのため、写真とは全く同じようには作れませんことご理解ください。  ※花咲くおはぎ　花輝のデザインは毎月変わります。;4320,5184;5;1;箱;もち米（岡山）、白こしあん（大手忙豆（北海道）、インゲン豆（ミャンマー）、砂糖）、和三盆白こしあん（大手忙豆（北海道）、大無類和三盆（竹糖（徳島））、古代米（徳島）、抹茶(静岡)、ビーツ（熊本）、藍(徳島)、塩;冷凍で7日（消費期限）解凍後は消費期限に関係なく当日中にお召し上がりください。;3;;;7;5;21;4;1;3;3;;./img/img_products/16/16-1.jpg;./img/img_products/16/16-2.jpg;./img/img_products/16/16-3.jpg;f;f;2020-12-14 00:00:00;Admin;;;;;f
1;金長まんじゅう;チョコ風味の生地で、手芒豆を使用した自社製の 白あんを包みました。ほろ苦くコクのある皮と、 あっさりした白あんの調和の取れた徳島銘菓 「金長まんじゅう」です。  1937年に謹製された金長まんじゅう。 茶色い皮と、白あんでたぬきの体を模しています。  ☆第22回全国菓子大博覧会 「名誉総裁賞」 受賞 ☆2016年　「とくしま特選ブランド」認定商品;118,475,820,1296,1944,2592,3888;1;1,4,6,10,15,20,30;個;手芒豆（国産、カナダ）、砂糖(グラニュー糖、上白糖、和三盆糖）、小麦粉、鶏卵、加糖練乳、還元水飴、ココアパウダー、ショートニング、マーガリン、はちみつ、水飴、植物油脂／トレハロース、膨張剤、香料、乳化剤、酸化防止剤（Ｖ．Ｅ）、カロテン色素、（一部に小麦・卵・乳成分・大豆を含む）;製造日より70日;1;;;1;5;21;6;1;4;3;;./img/img_products/1/1-1.jpg;./img/img_products/1/1-2.jpg;./img/img_products/1/1-3.jpg;f;f;2020-12-14 00:00:00;Admin;;;;;t
2;金長ゴールド;生地は、卵黄とマーガリンと和三盆を使い、 あんこには卵黄が入ったしっとりまろやかな、 優しい甘さのおまんじゅうです。  金長まんじゅうと食べ比べてみては いかがでしょうか。 （「プレミアム金長まんじゅう」なども 入った金長セットもあります）  ☆第23回全国菓子大博覧会 「茶道家元賞」 受賞;118,475,820,1296,1944;1;1,4,6,10,15;個;手芒豆（国産、カナダ）、砂糖（グラニュー糖、上白糖、和三盆糖）、小麦粉、鶏卵、加糖練乳、水飴、アーモンドパウダー、マーガリン、はちみつ／トレハロース、膨張剤、香料、乳化剤、酸化防止剤（Ｖ．Ｅ）、カロテン色素、（一部に小麦・卵・乳成分・大豆を含む）;製造日より70日;1;;;1;5;21;6;1;5;3;;./img/img_products/2/2-1.jpg;./img/img_products/2/2-2.jpg;;f;f;2020-12-14 00:00:00;Admin;;;;;t
3;鳴門金時パイ;徳島県産「なると金時」を使用した自社製の 芋あんをパイ生地で包んで焼き上げました。 焼くと一層、マーガリンと餡の香りが引き立ちます。;118,820;1;1,6;個;小麦粉（国内製造）、さつまいもペースト（さつまいも（なると金時）、砂糖）、砂糖、手芒豆、鶏卵、マーガリン、水飴、還元水飴、食塩、植物油脂、ショートニング、脱脂粉乳、みりん／麦芽エキス、乳化剤、増粘剤（加工でん粉、増粘多糖類）、ソルビット、酒精、酵素、香料、調味料（アミノ酸）、酸味料、（一部に小麦・卵・乳成分・大豆を含む）;製造日より60日;1;;;1;5;22;6;1;1;3;;./img/img_products/3/3-1.jpg;./img/img_products/3/3-2.jpg;./img/img_products/3/3-3.jpg;t;f;2020-12-14 00:00:00;Admin;;;;;t
5;黄金カステラ;一切れずつカット済なのが嬉しい、千寿卵を使用した、まばゆい“黄金色”のカステラ。ふんわり、しっとりした口当たりがお楽しみ頂けます。;1080,2160,3240;3;1,2,3;本;卵、小麦粉、砂糖、和三盆糖、みりん、はちみつ、米飴;約1ヶ月;1;;;2;5;22;22;1;3;3;;./img/img_products/5/5-1.jpg;./img/img_products/5/5-2.jpg;./img/img_products/5/5-3.jpg;f;f;2020-12-14 00:00:00;Admin;;;;;t
9;ラスク・パリジャン;片手間ではない、洋菓子店ならではの本気のラスク。それは希少な国産小麦「さぬきの夢」を原料にラスク専用のバゲットづくりから。メインとなる小麦としてパティシエがであったのは、讃岐うどん用に開発された四国生まれの国産小麦「さぬきの夢」。このさぬきの夢に北海道産小麦「ゆめちから」をブレンドし、噛むほどにきめの細やかなもちっとした食感・歯触りを出すことができました。さらに、味の深みを決めるバターは“幻のバター”と呼ばれ世界中の一流シェフたちに愛用される「カルピス特撰バター」を使用。また、「ラスク・パリジャン」には、洋菓子店が作るラスクを表現する手段として洋菓子店に欠かせない甘く香るバニラの要素を盛り込みました。パン屋さんがつくるフランスパンとは異なり、バニラをパン生地に練り込んで焼き上げることによって、ラスクに加工した際、甘い香りを感じられ、他社とは一線を画すラスクに仕上がっています。;540,2160;2;6,24;袋;小麦粉、バター、砂糖、食塩、バニラシロップ（砂糖、バニラ）、モルトエキス、イースト、レモン果汁 特定原材料 　乳、小麦;製造日より60日後;1;;;3;5;22;1;1;6;3;;./img/img_products/9/9-1.jpg;./img/img_products/9/9-2.jpg;./img/img_products/9/9-3.jpg;f;f;2020-12-14 00:00:00;Admin;;;;;t
11;ゆずのかくれんぼ;乳菓黄味アンの中心に徳島県産の柚子で作ったジャムをほんの少し入れました。;108,800,1300,2200;1;1,6,10,18;個;大手亡、砂糖、小麦粉、ゆず、鶏卵、ミルク、水飴、バター、蜂蜜、膨張剤;30日間;1;;;4;5;21;24;1;3;3;;./img/img_products/11/11-1.jpg;./img/img_products/11/11-2.jpg;;t;f;2020-12-14 00:00:00;Admin;;;;;t
12;阿波棒ういろ;もちもちとした食感、程よい甘さの棒ういろを是非ご賞味ください。 竹内製菓では、棒ういろを1本60円(税抜)より販売しております。 お箱代のかからないサービス箱、お箱代をいただく化粧箱をご用意しております。 ;1652,2548,3207,4104,5454,6750;4;23,36,47,60,80,100;本;小豆、米粉、グラニュ糖、上白糖、水飴、オリゴ糖、トレハロース;製造から4日ほど;2;;;5;5;21;1;1;4;3;;./img/img_products/12/12-1.jpg;./img/img_products/12/12-2.jpg;;f;f;2020-12-14 00:00:00;Admin;;;;;t
17;小男鹿;甘からず不味からず、佳味幽玄にしてゆかしき「小男鹿」の風味、これこそが稀にみる日本の味、風雅な和菓子の味です。 　太陽と大地に育まれし山の芋、阿波特産和三盆糖、厳選された小豆と粳米、これら全ての持ち味を、それぞれに活かし、伝統の手法で練り上げた蒸菓子です。 　しっとりとした舌触りと鹿子斑の肌模様につい微笑みが湧いてまいります。点茶一服静寂の境に誘われます。;2060,4110,6170,8230,10290;5;1,2,3,4,5;本;砂糖(精糖・和三盆糖)、小豆、米粉(国産)、山芋、鶏卵、餅粉、膨張剤、抹茶;約5日;2;1;本;8;5;21;1;1;5;3;;./img/img_products/17/17-1.jpg;./img/img_products/17/17-2.jpg;;f;f;2020-12-14 00:00:00;Admin;;;;;t
18;小男鹿（半棹）;甘からず不味からず、佳味幽玄にしてゆかしき「小男鹿」の風味、これこそが稀にみる日本の味、風雅な和菓子の味です。太陽と大地に育まれし山の芋、阿波特産和三盆糖、厳選された小豆と粳米、これら全ての持ち味を、それぞれに活かし、伝統の手法で練り上げた蒸菓子です。しっとりとした舌触りと鹿子斑の肌模様につい微笑みが湧いてまいります。点茶一服静寂の境に誘われます。;1130,2370,3600;3;1,2,3;本;砂糖(精糖・和三盆糖)、小豆、米粉(国産)、山芋、鶏卵、餅粉、膨張剤、抹茶;約5日;2;1/2;本;8;5;21;1;1;5;3;;./img/img_products/18/18-1.jpg;./img/img_products/18/18-2.jpg;;f;f;2020-12-14 00:00:00;Admin;;;;;t
24;徳島らーめん;徳島らーめんのなかでも一般的な、豚骨スープに本醸造醤油で味付けし、中太麺でお召し上がりいただく昔ながらの徳島らーめんの味を忠実に再現しています。見た目こってり、食べるとすっきり。これが徳島らーめんの特徴です。トッピングには豚バラ肉、ネギ、もやしをご用意下さい。お好みにより生卵を落としてお召し上がり下さい。;270,540,1080,4752;1;2,3,6,40;人前;麺：小麦粉、でんぷん、貝殻焼成カルシウム、かんすい、酒精、食塩 スープ：動物油脂、ポークエキス、しょうゆ、たん白加水分解物、チキン・ポークエキス、チキンブイヨン、砂糖、食塩、酵母エキス、デキストリン、煮干エキス、でん粉、植物油脂、ゼラチン、煮干いわし粉末、こしょう、調味料（アミノ酸等）、酒精、カラメル色素、酸化防止剤（V.E）、（原材料の一部に小麦、えび、大豆を含む;約2ヶ月;1;;;19;6;19;1;2;2;3;;./img/img_products/24/24-1.jpg;;;f;f;2020-12-14 00:00:00;Admin;;;;;t
25;阿波のたらいうどん;昔、山で働く人夫達が川辺でうどんを“たらい”に移し、囲んで食べたのが始まりです。包丁切りとは伝統の手打ち製法に基づいた切り方です。しっかり熟成された麺生地を包丁で一本一本ていねいに切り上げるので包丁切りの特徴である角がしっかり立った麺に仕上がり、舌触りが良くソフトな食感(もちもち感)を保てます。;648,1080;2;2,4;人前;-;1.5ヶ月;1;;;19;6;19;1;4;3;3;;./img/img_products/25/25-1.jpg;;;f;f;2020-12-14 00:00:00;Admin;;;;;t
26;そば米ぞうすい;「そば米雑炊(ぞうすい)」は徳島県祖谷(いや)地方の郷土料理です。お湯を注ぐだけでお手軽にそば米雑炊をお楽しみいただけます。;1053;3;5;袋;具（鶏肉、にんじん、油揚げ、ねぎ、椎茸）、そば米、デキストリン、砂糖、ぶどう糖果糖液糖、食塩、醤油、でん粉、チキンエキス、かつおエキス、昆布エキス、椎茸エキス、調味料（アミノ酸等）、酸化防止剤（ビタミンＥ）（原材料の一部に大豆、小麦を含む）;約4ヶ月;1;;;19;3;11;1;4;3;3;;./img/img_products/26/26-1.jpg;;;f;f;2020-12-14 00:00:00;Admin;;;;;t
28;か津ら ふぢ餅;寛政の頃、地福寺住職の隆淳上人が、一株の藤樹を植えたのが今日のはじまりとされております。 阿波和三盆糖、滋賀県近江米、徳島産柚子餡で出来ておりますこの菓子は 花房七、八尺の藤色の花をつける優雅な姿に準えてお創りしたものでございます。;594,1180,1782,2592,3564;2;6,12,18,24,36;個;砂糖、手芒豆、餅粉、水飴、阿波和三盆糖、還元水飴、練乳、コーンスターチ、紫芋、柚子皮ペースト、寒天、トレハロース;お買上げ日より10日間;1;24;g;9;5;21;11;1;3;3;;./img/img_products/28/28-1.jpg;./img/img_products/28/28-2.jpg;;f;f;2020-12-14 00:00:00;Admin;;;;;t
35;鳴門っ娘;なると金時と和三盆糖を練り合わせた深みのある味。;2055,3080,4005,4745,5950;5;10,15,20,24,30;個;さつま芋、和三盆糖、紫芋粉末;未開封の状態で14日;1;;;12;5;21;2;1;6;3;;./img/img_products/35/35-1.jpg;;;t;f;2020-12-14 00:00:00;Admin;;;;;t
36;かりんとうまんじゅう;元祖あげたて!!「かりんとうまんじゅう」沖縄産黒糖を使用した黒糖饅頭を、香ばしくて風味の良い米油で揚げた奥深い黒糖味が特徴の『かりんとう』のような黒糖饅頭です。;151;1;1;個;砂糖、小麦粉、小豆、黒糖、水飴、米油、〇、〇;常温2日;1;;;13;5;21;2;1;1;3;;./img/img_products/36/36-1.jpg;;;f;f;2020-12-14 00:00:00;Admin;;;;;f
37;名代　あん巻;ことらやの代表銘菓「名代あん巻」は創業以来素材にこだわり続け、変わらぬ味で親しまれています。良質の小豆あんを、阿波和三盆糖と濃厚な平飼い鶏卵を使用しふっくらと仕上げた生地で巻いた、まろやかで風味豊かな御菓子です。1994年・・・全国菓子博覧会「技術優秀賞」受賞2008年・・・全国菓子博覧会「名誉総裁賞」受賞;497,1134,1674,2700;1;1,2,3,5;本;-;真空パックは1週間;1;;;13;5;21;2;1;5;3;;./img/img_products/37/37-1.jpg;;;f;f;2020-12-14 00:00:00;Admin;;;;;f
38;フィッシュカツ(津久司蒲鉾);四国の近海で新鮮な魚を生のまま使用しとんかつ風に仕立てたました。飽きのこない逸品です。ソース　マヨネーズをつけて生食でどうぞ;324,540,1782;1;3,5,10;枚;魚肉(スケソウダラ、タチウオ、エソ、その他)、パン粉、植物油、植物性タンパク、食塩、ブドウ糖、タンパク加水分解物、オニオンエキス、カレー粉、唐辛子、加工澱粉、調味料（アミノ酸等）、野菜エキスパウダー、保存料(ソルビン酸等)、甘味料(スクラロース)、(一部に小麦・大豆・乳成分を含む);1週間程度 　※お早めにお召し上がり下さい。;2;;;15;6;16;3;4;3;3;;./img/img_products/38/38-1.jpg;./img/img_products/38/38-2.jpg;;f;f;2020-12-14 00:00:00;Admin;;;;;t
46;金ちゃんラーメン;粘りとコシがしっかりとした食べごたえのある太麺です。あっさりとした飽きの来ない醤油味で、何度も食べたくなる味に仕上げております。;95,475;1;1,5;袋;油揚げめん（小麦粉、ラード、植物油脂、食塩、蛋白加水分解物）、スープ（食塩、粉末しょうゆ、肉エキス（ポーク、チキン）、糖類、香辛料、蛋白加水分解物、ねぎ、植物油脂、魚介エキス）／加工でん粉、調味料（アミノ酸等）、炭酸Ca、かんすい、カラメル色素、増粘多糖類、クチナシ色素、酸味料、酸化防止剤（ビタミンE、ローズマリー抽出物）、カゼインNa、ソルビトール、乳化剤、炭酸Na、香料、（一部に小麦・卵・乳成分・ごま・ゼラチン・大豆・鶏肉・豚肉を含む）;パッケージに記載;1;103;g;20;6;19;1;2;1;3;;./img/img_products/46/46-1.jpg;./img/img_products/46/46-2.jpg;;f;f;2020-12-14 00:00:00;Admin;;;;;t
47;金ちゃんラーメンカップ;徳島製粉ロングセラー品である袋タイプの金ちゃんラーメンを縦カップで開発。金ちゃんラーメンの粘りとコシのある麺を、さらにのびにくいよう改良。さっぱり醤油味を受け継いだスープは香辛料で味を引き締めており何度食べても飽きのこない味に仕上げた。;157;1;1;個;<鶏しお>油揚げめん（小麦粉（国内製造）、ラード、植物油脂、食塩、蛋白加水分解物）、スープ（肉エキス（チキン、ポーク）、食塩、糖類、香辛料、野菜エキス、昆布エキス、粉末しょうゆ、酵母エキス）、かやく(味付鶏肉、メンマ、ねぎ、唐辛子)／加工でん粉、調味料(アミノ酸等)、炭酸Ca、かんすい、増粘多糖類、着色料（クチナシ、カラメル）、酸化防止剤（ビタミンE）、ビタミンB2、ビタミンB1、香料、(一部に小麦・乳成分・大豆・豚肉・鶏肉・ごまを含む);パッケージに記載;1;71～76;g;20;6;19;1;2;2;3;;./img/img_products/47/47-1.jpg;./img/img_products/47/47-2.jpg;./img/img_products/47/47-3.jpg;f;t;2020-12-14 00:00:00;Admin;;;;;t
50;たらいうどんわかめセット;■2種類の小麦をブレンド　こだわりぬいた伝統の味■         山のせが目指すうどんは、ソフトな弾力と喉越しの良い食感です。 それらを表現するために必要な小麦を創業以来厳選し続けています。土三寒六常五杯とよく言われますが、うどんの麺はコントロールしなければ一定の品質の物は作れません。 熱いと柔らかくなり生地はダレた状態になりやすく、寒いと硬くなりすぎてしまいます。 そこで夏は食塩の量を多くして生地を絞め、冬は食塩の量を減らして生地が硬くならないようにするわけですが、 塩を溶く水の量を変えることで小麦粉への加水量も調節し、いつでも美味しいうどんを作っています。  「混ぜ物のない小麦の薫るうどん」がたらいを「泳ぐ」まで、私たちは徹底した管理のもと、美味しいうどんを作り続けます。  ■素材、醤油にこだわり！天然無添加！厳選素材のだし■ 30年間の歴史の中でお客様の味覚に合うだしになるまで、試行錯誤を続けてきました。素材集めからだしを取るまでの1つ1つの工程を自分たちで行うことにより、山のせの味を作り出しています。 素材は毎年厳選し、その30余年の歴史の中で味を表現できるものを選びます。 また素材だけではなく、調味料の選定にも気を配っています。  通常の醤油は、発酵を早めるためのアミノ酸などを使用しているので、山のせでは本醸造醤油を使用しています。 本醸造醤油は長い時間をかけ大豆のみで発酵、抽出したものです。使われている調味料の素材にまで目を向けることにより、本当に安心してお食事頂ける環境を作っています。 だし抽出の工程では、厳選素材の相乗効果による味や、香り、うま味の引き出し方を研究し、より美味しいものをお客様にお届けいたします。;3230;5;5;食;【うどん】小麦粉・食塩・醸造酢・加工澱粉・粗製海水塩化マグネシウム（にがり） 【つゆ】醤油（小麦を含む）・味醂・砂糖・食塩・酢・風味原料（さば・うるめ・鰹・昆布・干し椎茸） 【わかめ】わかめ・塩;うどん：約4ヶ月　つゆ：約4ヶ月　わかめ：約半年;2;;;24;6;19;11;4;2;3;;./img/img_products/50/50-1.jpg;./img/img_products/50/50-2.jpg;./img/img_products/50/50-3.jpg;f;f;2020-12-14 00:00:00;Admin;;;;;t
101;すだち100スティック;「100％すだち果汁スティック」は、徳島県産すだちのすがすがしい香りとさわやかな酸味を封じ込めた、100％天然果汁調味料です。当商品は便利なスティックタイプです。;198,1940;1;10,100;本;すだち果実;1年間;1;5;cc;45;3;11;1;4;4;3;;./img/img_products/101/101-1.jpg;;;t;f;2020-12-14 00:00:00;Admin;;;;;t
77;すだちバーモント;すだちは緑色をした直系3cmから4cm位の実です。露地ものは例年8月終わりから収穫が始まります。よくゆずやカボスと混同されますが、すだちの香りはとてもさわやかでなんともいえません。果汁はさわやかな香りと酸味があり、お料理やお酒に華やかさを添えます。また、皮をすって焼き魚などにそえるとよりいっそうおいしくお召し上がりいただけます。蜂蜜等を加え、冷たいお水やお湯、牛乳で割ってお召し上がりいただくと、さらに手軽にすだちをお楽しみいただけます。;2592;5;1;本;すだち、はちみつ、エリスリトール、りんご酢、乳糖果糖オリゴ糖、みつばち花粉、ローヤルゼリー、イチョウ葉エキス、甘味料(ステビア);製造日より1年;2;1000;ml;36;3;11;5;1;3;3;;./img/img_products/77/77-1.jpg;;;t;f;2020-12-14 00:00:00;Admin;;;;;t
78;すだち塩だれ;かけると野菜がもっと美味しく すだちの香りが広がり食欲をそそります。シンプルな塩味に食欲をそそるにんにくの香り、ハーブのように色鮮やかなすだちの皮の緑。「平成23年度優良ふるさと食品中央コンクール」(財)食品産業センター会長賞を受賞;410;1;1;本;すだち、はちみつ、砂糖、食塩、たんぱく加水分解物、にんにく、醸造酢、寒天、ごま、コンソメ(食塩、チキンエキス、乳糖、その他)、香辛料、加工でん粉(原材料の一部に小麦、乳成分、鶏を含む);製造日より1年間;2;200;ml;36;6;17;5;2;3;3;;./img/img_products/78/78-1.jpg;;;t;f;2020-12-14 00:00:00;Admin;;;;;t
83;TOKAMI;ブランデーで漬けた梅酒。濃厚でまろやか。ロックがおすすめです。男性にも人気です。アルコール度数：18%;2750;5;1;本;ブランデー・梅（国産）・砂糖;パッケージに記載;1;500;ml;38;1;1;5;4;3;3;;./img/img_products/83/83-1.jpg;;;t;f;2020-12-14 00:00:00;Admin;;;;;t
84;トクロング その壱;鳴門金時の芋焼酎で漬けた梅酒。 甘口で女性におすすめ。  アルコール度数：12%;2750;5;1;本;芋焼酎・梅（砂糖）・砂糖;パッケージに記載;1;500;ml;38;1;1;5;4;3;3;;./img/img_products/84/84-1.jpg;;;t;f;2020-12-14 00:00:00;Admin;;;;;t
86;すだちパイ;徳島が全国におけるシェアほぼ100%を占める柑橘系果実「すだち」を使用したお菓子です。独特のさわやかな酸味とすがすがしい香りをお楽しみ下さい。;648,1080;2;17,28;個;小麦粉、マーガリン、砂糖、鶏卵、全粉乳、すだちパウダー、食塩、乳化剤(大豆由来を含む)、香料、着色料(カロテン);約3週間;1;;;40;5;22;1;1;4;3;;./img/img_products/86/86-1.jpg;;;t;f;2020-12-14 00:00:00;Admin;;;;;t
4;ぶどう饅頭;誕生104年、阿波の銘菓「ぶどう饅頭」がリニューアル。1粒1粒がよりふっくら、大きく1本ずつの「個包装」で保存や小分けのしやすいパッケージに生まれ変わりました。お土産にはもちろんのこと、ご進物や、ご家庭用としてもより食べやすく楽しみやすくなった新・「ぶどう饅頭」をぜひ、ご利用ください。;108,594,950,1404;1;1,5,8,12;本;白隠元豆、砂糖、還元水飴、加糖練乳、澱粉、小麦粉、トレハロース、クチナシ色素、香料;約25日;1;25;g;2;5;21;22;1;5;3;;./img/img_products/4/4-1.jpg;./img/img_products/4/4-2.jpg;./img/img_products/4/4-3.jpg;f;f;2020-12-14 00:00:00;Admin;;;;;t
6;みまからあられ;徳島県美馬市の特産品「みまから唐辛子」を使ったピリ辛なあられです。糖度はメロン並み、辛さはハバネロ級という特徴を持つみまから唐辛子。この風味をいかした辛くておいしい、「うま辛！」をぜひご賞味ください。;194,594;1;1,3;袋;もち米（国産）、醤油たれ（醤油、水あめ）、砂糖、一味、調味料（アミノ酸）、着色料（カラメル、紅麹、カロチノイド）、乳化剤、（一部に小麦・大豆を含む）;製造日より60日後;1;;;2;5;23;22;3;1;3;;./img/img_products/6/6-1.jpg;./img/img_products/6/6-2.jpg;./img/img_products/6/6-3.jpg;f;f;2020-12-14 00:00:00;Admin;;;;;t
7;マンマローザ;徳島酪菓マンマローザもっと美味しく、より安心してお楽しみいただけるように小麦はすべて国内産を使用しています。徳島産の牛乳を使って作られたミルク餡がたっぷり詰まった乳菓です。 「マンマ」はイタリア語でお母さん。 お母さんのふくよかさ、あたたかさをイメージしたぽってりとした形と、ふわりと広がるミルクの香り、しっとりした食感で口元がふっとほころぶやさしいおいしさです。;453,734,1188,1782,2700,3564;1;3,5,8,12,18,24;個;小麦粉、砂糖、トレハロース、バター、全粉乳、乳化剤(大豆由来)、牛乳、オリゴ糖、寒天、白あん、蜂蜜、加糖練乳、重曹、クリーム、バニラ香料、ホワイトチョコレート、加糖卵黄(卵黄、砂糖) ※ 原材料の並び順はパッケージと異なっている可能性があります。;約2ヶ月;1;;;3;5;22;1;1;4;3;;./img/img_products/7/7-1.jpg;./img/img_products/7/7-2.jpg;./img/img_products/7/7-3.jpg;f;f;2020-12-14 00:00:00;Admin;;;;;t
8;鳴門金時ポテレット;新しくなった「鳴門金時ポテレット」徳島特産の「鳴門金時」にバター・卵・生クリームを合わせ、 時間をかけて炊き上げたスイートポテトと鳴門金時を使った しっとりサブレが一体となって素材の美味しさを楽しめます。もっと美味しく、より安心してお楽しみいただけるように、 小麦すべては国内産の小麦を使用し、味のアクセントには 地元鳴門産の塩を使用しています。;734,1512;2;5,10,15;個;鳴門金時ペースト（鳴門金時、砂糖）、小麦粉、バター、砂糖、加糖卵黄（卵黄、砂糖）、粉糖（佐藤、コーンスターチ）、牛乳、クリーム、白あん、卵黄、水飴、アーモンド、洋酒、黒ごま、食塩、寒天、蜂蜜、トレハロース、バニラ香料;製造から30日間（常温）;2;;;3;5;22;1;1;6;3;;./img/img_products/8/8-1.jpg;./img/img_products/8/8-2.jpg;./img/img_products/8/8-3.jpg;t;f;2020-12-14 00:00:00;Admin;;;;;t
13;和三盆糖型物(干菓子);和菓子向けの和三盆糖の多くは干菓子の材料として用いられています。岡田製糖所の型物（干菓子）は、その他の製品も同様、和三盆糖以外の物は一切入っていません。通常干菓子においてはつなぎを多く混ぜ色を白くしたり、また様々な色素で色を付けるのが普通ですが、そういう事を全く行わず和三盆糖だけで干菓子を作っています。その為色彩に乏しく混ぜ物が無い為、かなりもろくて形が綺麗に出ていない場合もあり、見栄えはあまり良くありませんが、その分味でカバー出来ると思っております。阿波和三盆糖本来の味と風味をお楽しみください。;648,1296,2592,3888;2;1,2,4,6;箱;和三盆;約3ヶ月;2;;;6;5;21;10;1;3;3;;./img/img_products/13/13-1.jpg;./img/img_products/13/13-2.jpg;./img/img_products/13/13-3.jpg;f;t;2020-12-14 00:00:00;Admin;;;;;f
14;霰和三盆;上質な竹糖だけでつくられた和三盆独特の風味、まろやかな口どけをお楽しみ頂けます。製糖過程で自然に固まった和三盆糖です。つなぎとなるものは使用していませんので一粒一粒形や大きさ、色、口どけなどが異なります。;1188;3;1;個;竹糖（国産さとうきび）;1年;1;50;g;7;5;21;4;1;5;3;;./img/img_products/14/14-1.jpg;./img/img_products/14/14-2.jpg;./img/img_products/14/14-3.jpg;f;t;2020-12-14 00:00:00;Admin;;;;;t
15;わんさんぼん（お干菓子）;一般的なお干菓子は、水飴等つなぎとなるものを使用し固形化させますが、わんさんぼんのお干菓子は和三盆のみで作ったお干菓子です。 着色料は使用せず国産フルーツパウダー等を使用し色付けします。 添加物不使用。からだにやさしいお干菓子です。 古風なデザインから最近のPOPなデザインのお干菓子まで、たくさんの種類のお干菓子を販売しています。是非手に取って阿波和三盆糖の美味しさに触れてください わんさんぼんは、徳島県伝統的特産品（阿波和三盆糖）製造事業者認定されている「服部製糖所」の最上質和三盆「大無類和三盆」を使用しています。;378,432,864,5400;1;2,2,10,88;個;和三盆(徳島県産）;1年;1;;;7;5;21;4;1;6;3;;./img/img_products/15/15-1.jpg;./img/img_products/15/15-2.jpg;./img/img_products/15/15-3.jpg;f;t;2020-12-14 00:00:00;Admin;;;;;f
29;栗ほろり;とっても美味しい栗に出逢えて生まれました。 最上級の四国の山栗をひとつひとつ丹精込めてきんとんにしほろほろとしたこし餡でくるみました。 素朴な味わいに山里の情景が胸にしみるしっとりとした口当たりのやさしい甘さのお菓子です。;1188,2160,3240;3;5,10,15;個;漉し餡、蒸し栗ペースト、白餡、砂糖、栗甘露煮、卵黄、上新粉、上新粉、上用粉、膨張剤;製造日より20日間;1;;;9;5;21;11;1;6;3;;./img/img_products/29/29-1.jpg;./img/img_products/29/29-2.jpg;;f;f;2020-12-14 00:00:00;Admin;;;;;t
30;鳴門のきんとき;徳島県産・鳴門金時芋をじっくりと焼き上げて丁寧に裏ごしし、上質の阿波和三盆糖を加えた芋餡に紫芋とココアをまぶして お芋の色を表現しました。柔らかな口どけ、ほっこりとした香ばしさで一包に2個入り。コロンと愛らしいお菓子です。;1426;3;12;包;さつまいも（鳴門金時）ペースト、砂糖（阿波和三盆糖、白双糖）、紫芋粉末、ココア、寒天、食塩、トレハロース;製造日より30日間（※開封後2日以内にお召し上がりください;1;;;9;5;21;11;1;2;3;;./img/img_products/30/30-1.jpg;./img/img_products/30/30-2.jpg;;t;f;2020-12-14 00:00:00;Admin;;;;;t
31;くりーみぃすいーとぽてと;驚くほどしっとりでクリーミィーな食感のスイートポテトです。 なると金時を原料のうち70%と贅沢に使用。なると金時本来の美味しさを最大限に引き出すため、甘さは控えめ。冷やしても、温めても美味しい、徳島県の推奨する「とくしま特選ブランド」にも選ばれています。 ギフトにもおすすめ、ナチュラルな雰囲気の箱入りです。;900,3060;2;5,16;個;さつまいも（徳島県産なると金時）、白あん(砂糖、いんげん豆、水飴)、グラニュー糖、バター(乳成分を含む)、卵、生クリーム(乳成分を含む)、洋酒／香料;製造日から約90日（解凍後は当日中）;3;;;10;5;22;7;1;6;3;;./img/img_products/31/31-1.jpg;./img/img_products/31/31-2.jpg;;t;t;2020-12-14 00:00:00;Admin;;;;;t
32;おいもまあむ;なかのファーム独自のしっとりした食感はそのままに、しっとり&ほんのり甘い新しいタイプの焼き菓子を作りました。トースターなどで軽く焼いていただくと新鮮なバターの香りとサクっとした食感が楽しめます。ありそうでなかった、懐かしくも新しい味に仕上がっています。手みやげにもおすすめの箱入りです;972;2;5;本;小麦粉、さつまいも（徳島県産なると金時）、バター(乳成分を含む)、グラニュー糖、白あん(砂糖、いんげん豆、水飴)、卵、生クリーム(乳成分を含む)、洋酒、黒ごま/香料;製造日より常温で約1か月間;1;5;本;10;5;22;7;1;1;3;;./img/img_products/32/32-1.jpg;./img/img_products/32/32-2.jpg;./img/img_products/32/32-3.jpg;t;t;2020-12-14 00:00:00;Admin;;;;;t
98;アワライズ（ゆず）;アワライズは興奮と熱気の渦に包まれる阿波踊りで最高のパフォーマンスを発揮したい時のために開発しました。アルギニン、ビタミンB2、B6、B12、カフェイン配合 炭酸とゆず果汁の香りがマッチした、刺激がありながら飲みやすいエナジードリンク。;162;1;1;本;アルギニン、ビタミンB2、B6、B12、カフェイン配合 炭酸とゆず果汁;540日;1;250;ml;32;2;7;1;4;1;3;;./img/img_products/98/98-1.jpg;./img/img_products/98/98-2.jpg;;t;f;2020-12-14 00:00:00;Admin;;;;;t
33;月へ鳴門へ;【瀬戸内ナンバー1のお土産を決める「瀬戸内おみやげコンクール」最優秀賞受賞商品】「故郷・徳島の素晴らしさを、より多くの方にお届けしたい」と、新しくお菓子を作りました。故郷・徳島の名産・鳴門金時を、本格的なフランス菓子に仕上げました。フランスの伝統的なサブレに、喜瀬さんの鳴門金時のクリームをたっぷりサンドしたお菓子です。鳴門金時の自然な甘さを、サブレの塩味が引き立ててくれています。材料の配分、サブレに対するクリームの配分の試作を幾度も重ねました。延べ200人の方に試食していただき、「早く商品化してほしい」という声に背中を押していただきました。シェフパティシエが、鳴門金時をペーストするところから、すべて手作りで、安心・安全にこだわってお作りしています。「フランスに憧れて、徳島に感謝して」その気持ちを、たっぷりサンドしてお届けします。新しい徳島の魅力を、感じていただける一品です。徳島の名産・阿波番茶にもぴったりです。;1782;4;10;個;小麦粉、鳴門金時、砂糖、バター、フラワーペースト、食用パーム油、生クリーム、植物油脂、牛乳、卵黄（卵を含む）、蜂蜜、水飴、ラム酒、脱脂粉乳、ゼラチン、塩、ココアバター、バニラオイル、乳化剤、香料;製造日より12日;2;5;袋;11;5;22;2;1;2;3;;./img/img_products/33/33-1.jpg;./img/img_products/33/33-2.jpg;./img/img_products/33/33-3.jpg;t;f;2020-12-14 00:00:00;Admin;;;;;t
39;竹ちくわ(津久司蒲鉾);白身の魚の魚肉を石うすで練り上げ音竹にまきつけて焼き上げた昔ながらの逸品です。わさび醤油　しょうが醤油をつけて生食でどうぞ;324;1;3;本;エソ・タラ・イトヨリ・塩・澱粉・ブドウ糖 　ビタミンＣ・卵白・みりん・ 調味料（アミノ酸等） 　甘味料（ステビア）・保存料（ソルビット）;1週間程度 　※お早めにお召し上がり下さい。;2;;;15;6;16;3;4;3;3;;./img/img_products/39/39-1.jpg;;;f;f;2020-12-14 00:00:00;Admin;;;;;t
40;フィッシュカツ(谷ちくわ商店);徳島で「カツ」と言えば、このかつ天！ 徳島独特のピリッとからいカレー風味のかつ天です。 ビールのお供に最高です。;475;1;5;枚;魚肉(ホッケ、ヒメジ、その他)、澱粉、パン粉、ブドウ糖、発酵調味料、卵白、食塩、砂糖、カレー粉、香辛料、玉ねぎエキス、ごま油、調味料(アミノ酸等)、甘味料(ステビア)、保存料(ソルビン酸)、(原材料の一部に小麦、乳、大豆を含む);製造日より7日;2;250;g;16;6;16;3;4;5;3;;./img/img_products/40/40-1.jpg;;;f;f;2020-12-14 00:00:00;Admin;;;;;t
41;竹ちくわ(谷ちくわ商店);天然の竹を使い、丁寧に焼き上げました。 しっかりした食感とほのかな竹の薫りが特徴です。 スダチを絞って、竹つきのままかじるのが最高です。;760,950;2;8,10;本;魚肉(たら、いとより鯛、その他)、でんぷん、発酵調味料、食塩、砂糖、卵白、調味料(アミノ酸等)、保存料(ソルビン酸)、甘味料(ステビア)、原材料の一部に小麦、乳、大豆を含む、澱粉含有率 7％以下;製造日より7日;2;;;16;6;16;3;4;5;3;;./img/img_products/41/41-1.jpg;;;f;f;2020-12-14 00:00:00;Admin;;;;;t
42;大野海苔　卓上のり;上質の海苔を産することで知られる有明海、その中でも優良な浜の上級品だけを厳選いたしました。香り良く焼きあげたその海苔に、甘・辛・ピリの三拍子そろった味付。良い海苔だけが持つ、歯切れの良さ、心地良い香味がお楽しみいただけます。 食べ応えのある大判８切サイズにカットして使い勝手の良い卓上容器に入っております。 おいしさと使いやすさで人気の、この卓上のりを化粧箱に詰めました。御中元・御歳暮、慶事・仏事、その他各種御贈答に最適です。;529,1004,1469,1955,2430,2894,3380,3845,4640,5568,6960,13920;2;1,2,3,4,5,6,7,8,10,12,15,30;本;乾のり、しょう油（大豆・小麦）、砂糖、干えび、昆布、かつお節、みりん、食塩、香辛料、調味料（アミノ酸等）、甘味料（甘草）;製造より9ヶ月;1;;;17;6;18;1;2;4;3;;./img/img_products/42/42-1.jpg;./img/img_products/42/42-2.jpg;./img/img_products/42/42-3.jpg;f;t;2020-12-14 00:00:00;Admin;;;;;t
48;金ちゃん徳島らーめん;麺は滑らかでコシが強い中細麺。ポークエキスをベースにしたコクのある粉末スープと、しょうゆ味の風味豊かな液体スープにより、濃厚感があるのに脂っこさのこない自慢のスープです。甘辛く味付けを施した柔らかい豚カルビ肉に、歯ごたえの良いシャキシャキとしたメンマ、青ネギを加えた、地元（徳島）ラーメン店の具材をそのまま再現しました。※徳島製粉の徳島ラーメンは濃い目の色の豚骨醤油味に甘辛く煮付けた豚の薄切り肉が特徴です。;475;1;5;袋;油揚げめん（小麦粉(国内製造)、ラード、植物油脂、食塩、しょうゆ、蛋白加水分解物）、スープ（肉エキス(チキン、ポーク)、食塩、粉末しょうゆ、香辛料、糖類、酵母エキス、蛋白加水分解物、昆布粉末、野菜エキス、魚介エキス、植物油脂）／加工でん粉、調味料（アミノ酸等）、着色料（カラメル、クチナシ）、炭酸Ca、かんすい、増粘多糖類、酸味料、ソルビトール、酸化防止剤（ビタミンE）、香料、乳化剤、（一部に小麦・乳成分・大豆・鶏肉・豚肉・ごま・ゼラチンを含む）;パッケージに記載;1;530;g;20;6;19;1;2;2;3;;./img/img_products/48/48-1.jpg;;;f;f;2020-12-14 00:00:00;Admin;;;;;t
49;金ちゃんヌードル;徳島製粉ロングセラー商品 麺には肉エキスを練りこみ、芳ばしさと香りづけを行い、コシがあり強く歯切れのある食感。具材はえび、豚肉、たまご、シイタケ、ねぎ入り。 しょうゆ、しお、カレー、しょうゆとんこつ、辛ラー油味など、様々な味があります。;195;1;1;個;油揚げめん（小麦粉（国内製造）、ラード、植物油脂、食塩、醤油、蛋白加水分解物）、スープ（食塩、粉末醤油、香辛料、糖類、酵母エキス、チキンエキス、ポークエキス、椎茸エキス、魚介エキス、野菜エキス、植物油脂）、かやく（味付えび、味付豚肉、味付卵、ねぎ、味付椎茸）／加工でん粉、調味料（アミノ酸等）、炭酸Ca、かんすい、増粘剤(グァーガム、カゼインNa)、着色料（カラメル、カロチノイド）、トレハロース、pH調整剤、酸化防止剤（ビタミンE、ビタミンC）、酸味料、甘味料（カンゾウ、ステビア）、ビタミンB2、ビタミンB1、（一部に小麦・卵・乳成分・えび・大豆・鶏肉・豚肉・ごまを含む）;パッケージに記載;1;72～85;g;20;6;19;1;2;2;3;;./img/img_products/49/49-1.jpg;./img/img_products/49/49-2.jpg;./img/img_products/49/49-3.jpg;f;t;2020-12-14 00:00:00;Admin;;;;;t
85;なるとのしっぽ;なるとのしっぽこちらの商品は、紫いものきんつばと、紅はるかを宇治抹茶の皮で焼いたものが各2個ずつ入った4個セットになります。 紫いもには、アントシアニンが沢山含まれていますので、美容にもとても良いです✨さっぱりとした甘さです。 紅はるかは、ねっとりとした甘さを楽しんで頂けます。 原材料にこだわり、添加物や保存料を一切使わず、昔ながらの製法で作っています。小さなお子様から、ご年配の方まで安心して召し上がって頂けます。 温めて頂くとより焼き芋のようになり、一層美味しく召し上がって頂けます。レンジで20～30秒目安に、お好みで調整下さい。トースターだと、パンを焼くくらいの時間でちょうどになります。;864;2;4;個;芋きんつば 紫芋：紫芋(徳島県産)、さつまいも(徳島県産 鳴門金時)、砂糖、小麦粉、水飴、寒天、塩　芋きんつば 紅はるか：さつまいも(徳島県産 紅はるか)、砂糖、小麦粉、水飴、寒天、塩、抹茶;製造から16日;1;;;39;5;21;2;1;1;3;;./img/img_products/85/85-1.jpg;./img/img_products/85/85-2.jpg;./img/img_products/85/85-3.jpg;t;f;2020-12-14 00:00:00;Admin;;;;;t
87;藍の飴ちゃん;香り高く酸味が程よいと称される、徳島県木頭産の柚子。   ミネラルたっぷりの徳島県海部産のこだわり塩。  そんな徳島県の美味しいもんが、徳島県の藍パウダーと巡り会いました。;420;1;1;袋;藍と木頭柚子：砂糖、水飴、、藍粉末、柚子香料、酸味料、着色料（クチナシ） 藍と海部乃塩：砂糖、水飴、塩、藍粉末、着色料（クチナシ）;約1ヶ月;1;40;g;40;5;23;1;1;4;3;;./img/img_products/87/87-1.jpg;./img/img_products/87/87-2.jpg;;f;f;2020-12-14 00:00:00;Admin;;;;;t
88;徳島ラーメン　東大（2食入）;【目指すはラーメン界の東大】 オープン以来、全国各地のイベントで数々のグランプリを受賞し、様々なメディアに取り上げられ 「ラーメン東大」と「徳島ラーメン」の名前をほぼ同時に全国区で確立させ、国内にとどまらず 世界へ挑戦し続けている、有名店の徳島ラーメンの味がご家庭でお楽しみいただけます。 スープのパックに豚バラスライスとメンマの嬉しい具材が予め入っており、骨から炊き出した 甘辛い濃厚とんこつしょうゆスープに染み込んで、ラーメンと一緒に白いご飯とも相性抜群の逸品と なっております。 ;980;2;2;食;麺：小麦粉、乾燥卵白、食塩／酒精、かんすい、焼成カルシウム、食用油脂、乳酸、加工でんぷん、くちなし色素（一部に小麦・卵・大豆・乳成分を含む）  濃縮ラーメンスープ：畜肉エキス、しょうゆ、豚脂、鶏脂、食塩、たん白加水分解物、香辛料、ポーク風味調味料、魚介エキス、砂糖、野菜エキス、酵母エキス、ねぎ粉末／調味料（アミノ酸等）、カラメル色素、加工でんぷん、増粘剤（グァーガム）、（一部に小麦・大豆・豚肉・鶏肉・ゼラチンを含む）;約1ヶ月;1;;;40;6;19;1;2;2;3;;./img/img_products/88/88-1.jpg;;;f;f;2020-12-14 00:00:00;Admin;;;;;t
89;岡本中華（3食入）;戦後屋台から始まった小松島の「中華そば」は、 徳島ラーメンのルーツ「白系」と呼ばれ、 根強い人気を得ています。 そんな小松島において地元はもちろん 県外まで名を轟かせているのが「岡本中華」です。 まろやかでコクがある豚骨スープは、 ５０年以上かわらぬ美味しさで絶大な人気があります。;1080;3;3;食;（麺）：小麦粉・澱粉・小麦蛋白・還元水飴・食塩・酒精・かんすい・クチナシ色素 （スープ）：ポークエキス・ラード・醤油・野菜エキス・チキンエキス・食塩・還元水飴・鶏油・ゼラチン・風味油・砂糖・ 澱粉・酵母エキス・ にんにく・調味料(アミノ酸等)・酒精・増粘多糖類・ 乳化剤・(原材料の一部に小麦、大豆、鶏肉、豚肉、ゼラチンを含む);約2ヶ月;1;;;40;6;19;1;2;1;3;;./img/img_products/89/89-1.jpg;;;f;f;2020-12-14 00:00:00;Admin;;;;;t
90;麺王（3食入）;コクと旨味の凝縮した濃厚豚骨スープと、秘伝の醤油ダレで完成させた 自慢の豚骨醤油スープは、一度食べたらやみつきになる これぞ「徳島ラーメン」の名店の味です。 ;1080;3;3;食;（麺）：小麦粉・澱粉・小麦蛋白・還元水飴・食塩・酒精・かんすい・クチナシ色素 （スープ）：ラード・醤油・ポークエキス・ポークペースト・還元水飴・ゼラチン・食塩・砂糖・澱粉・酵母エキス・にんにく・酒精・調味料(アミノ酸等)・カラメル色素・乳化剤・増粘多糖類(原材料の一部に小麦、大豆、鶏肉、豚肉、ゼラチンを含む);約1ヶ月;1;;;40;6;19;1;2;3;3;;./img/img_products/90/90-1.jpg;;;f;f;2020-12-14 00:00:00;Admin;;;;;t
95;阿波尾鶏肉味噌;ゆずの香り広がる、阿波尾鶏の肉味噌です。阿波尾鶏のむね肉ミンチを使用した甘めの肉味噌です。ゆず果汁を加え、香りよく仕上げています。温かい白ご飯のお供はもちろん、田楽や生野菜スティックなどによく合います。開封後、そのままご使用いただけます。;490;1;1;箱;麦みそ(大豆を含む)、砂糖、鶏肉、ゆず果汁、生姜、ごま/酒精;1年6ヶ月;1;;;34;6;18;20;4;3;3;;./img/img_products/95/95-1.jpg;;;f;f;2020-12-14 00:00:00;Admin;;;;;t
96;阿波尾鶏焼き鳥缶詰;阿波尾鶏の旨みを閉じこめた、焼き鳥缶詰です。 徳島県産阿波尾鶏の肩こにくを直火で炙った焼き鳥の缶詰です。特製しょうゆだれで味付けしました。お酒のおつまみやちょっとした食事にも便利です。賞味期限が長めですので、いざという時の非常食としてもご使用いただけます。;430;1;1;缶;鶏肉(徳島県産)、砂糖、しょうゆ(小麦・大豆を含む)、本みりん、濃縮りんご果汁、食塩、香辛料/調味料(アミノ酸)、増粘剤(加工でん粉、キサンタンガム);3年;1;75;g;34;6;16;20;4;3;3;;./img/img_products/96/96-1.jpg;./img/img_products/96/96-2.jpg;;f;f;2020-12-14 00:00:00;Admin;;;;;t
97;アワライズ（すだち）;アワライズは興奮と熱気の渦に包まれる阿波踊りで最高のパフォーマンスを発揮したい時のために開発しました。アルギニン、ビタミンB2、B6、B12、カフェイン配合 炭酸とすだち果汁の香りがマッチした、刺激がありながら飲みやすいエナジードリンク。;162;1;1;本;アルギニン、ビタミンB2、B6、B12、カフェイン配合 炭酸とすだち果汁;540日;1;250;ml;32;2;7;1;4;1;3;;./img/img_products/97/97-1.jpg;./img/img_products/97/97-2.jpg;;t;f;2020-12-14 00:00:00;Admin;;;;;t
100;ザ・すだち;徳島県産すだちの果汁を３％使用した、ＪＡ全農とくしまオリジナルの清涼飲料水です。徳島県のご当地ドリンクといえば、「ザ すだち」。甘さはひかえめ、すだちのさわやかな風味が楽しめる、徳島県を代表する「ふるさと柑橘飲料」です。暑い夏には冷蔵庫で冷やして、寒い冬には温めてもお飲みいただけます。;108;1;1;本;果糖ぶどう糖液糖（国内製造）、すだち果汁（すだち（徳島県産））／酸味料、香料、ビタミンＣ;製造日より１年。高温・直射日光を避け、常温で保存してください。;1;190;g;45;2;6;1;1;6;3;;./img/img_products/100/100-1.jpg;./img/img_products/100/100-2.jpg;;t;f;2020-12-14 00:00:00;Admin;;;;;t
93;半田手延べ;昔ながらの半田そうめん、強いコシとのどごしの良さがうりです。;1617,3003;3;1;箱;小麦粉、食塩、ごま油;2年;1;1.25,2.5;kg;22;6;19;24;4;5;3;;./img/img_products/93/93-1.jpg;;;f;f;2020-12-14 00:00:00;Admin;;;;;t
91;きずな印;本品は、四国の霊峰・剣山の麓、吉野川の上流・半田川の畔、二百年のその昔、蜂須賀候徳島の城下町と半田村との流通に働いていた拾石船の船頭衆が、半田村の産業発展のため、風土清水に恵まれたこの土地に秘術を伝え、受け継がれた昔ながらの製造方法で造っています。 その風味は天下に名声を博す手延べそうめんです。;800,1850,3450;2;1;箱;小麦粉、食用植物油、食塩、打粉でんぷん;約2年;1;2,5,10;袋;21;6;19;24;4;5;3;;./img/img_products/91/91-1.jpg;./img/img_products/91/91-2.jpg;./img/img_products/91/91-3.jpg;f;f;2020-12-14 00:00:00;Admin;;;;;t